"project_flux_id","deployment_id","sample_date","site","reservoir","dam","FB_TR","chamber","season","season_month","season_group","month","reservoir_type","flux_total","flux_diffusive","flux_ebullition","log_flux_total","log_flux_diff","log_flux_ebull","temp_c_0m","do_mg_l_0m","do_pct_sat_0m","pH_0m","turb_ntu_0m","cond_uS_0m","chl_a_ug_l_0m","temp_c_5m","do_mg_l_5m","do_pct_sat_5m","pH_5m","turb_ntu_5m","cond_uS_5m","chl_a_ug_l_5m","temp_c_10m","do_mg_l_10m","do_pct_sat_10m","pH_10m","turb_ntu_10m","cond_uS_10m","chl_a_ug_l_10m","temp_c_15m","do_mg_l_15m","do_pct_sat_15m","pH_15m","turb_ntu_15m","cond_uS_15m","chl_a_ug_l_15m","temp_c_20m","do_mg_l_20m","do_pct_sat_20m","pH_20m","turb_ntu_20m","cond_uS_20m","chl_a_ug_l_20m","temp_c_30m","do_mg_l_30m","do_pct_sat_30m","pH_30m","turb_ntu_30m","cond_uS_30m","chl_a_ug_l_30m","temp_c_40m","do_mg_l_40m","do_pct_sat_40m","pH_40m","turb_ntu_40m","cond_uS_40m","chl_a_ug_l_40m","temp_c_50m","do_mg_l_50m","do_pct_sat_50m","pH_50m","turb_ntu_50m","cond_uS_50m","chl_a_ug_l_50m","wind_m_s","press_cm_1h_change","press_cm_2h_change","press_cm_3h_change","press_cm_4h_change","press_cm_5h_change","press_cm_6h_change","press_cm_9h_change","press_cm_12h_change","press_cm_24h_change"
"1","BV.2022-11-07",2022-11-07,"BVFB","BV","BV","FB",1,"Fall","Nov","warm",2022-11-01,"run_of_river",9.607434387,8.978136881,0.629297506,2.36155511254611,2.30039638762497,0.488148944006887,12.83,10.61,97.6948122415286,7.4,14.1,142.1,1.22,NA,NA,NA,NA,NA,NA,NA,NA,NA,NA,NA,NA,NA,NA,NA,NA,NA,NA,NA,NA,NA,NA,NA,NA,NA,NA,NA,NA,NA,NA,NA,NA,NA,NA,NA,NA,NA,NA,NA,NA,NA,NA,NA,NA,NA,NA,NA,NA,NA,1.08,3.04799999999977,9.14399999999978,7.455510009092,7.455510009092,8.81502001818444,-0.328979981815337,7.12653002730713,2.39004003640002,-11.8194299363231
"9","CG.2022-11-09",2022-11-09,"CGFB","CG","CG","FB",1,"Fall","Nov","warm",2022-11-01,"storage",5.325169371,2.957435526,2.367733845,1.84453681227877,1.37559622104209,1.21424006861376,7.46,8.72,71.0817733502543,6.82,0,44.2,1.27,7.22,11.47,92.9619395452424,6.71,0,42.6,1.51,6.71,9.89,79.1746438831064,6.62,0,41.7,0.7,NA,NA,NA,NA,NA,NA,NA,5.56,8.35,64.9845199424332,6.62,0,38.1,0.25,5.29,7.32,56.5867073192929,6.6,0,40,0.25,5.08,7.5,57.6743602402836,6.59,0,42,0.21,5.02,6.76,51.9056407489559,6.58,0,42.9,0.25,1.3,0.206166720003239,-0.402335999991919,-0.807994319999125,-0.601797119998082,-0.0908303999967757,0.422361360004288,2.67242544000328,3.28982832000474,3.71444520000659
"29","DL.2023-01-09",2023-01-09,"DLFB","DL","DL","FB",1,"Winter","Jan","cold",2023-01-01,"run_of_river",2.831459366,2.831459366,NA,1.3432457661261,1.3432457661261,NA,3.14,11.97,87.5974179434517,7.22,0,160.4,1.49,NA,NA,NA,NA,NA,NA,NA,NA,NA,NA,NA,NA,NA,NA,NA,NA,NA,NA,NA,NA,NA,NA,NA,NA,NA,NA,NA,NA,NA,NA,NA,NA,NA,NA,NA,NA,NA,NA,NA,NA,NA,NA,NA,NA,NA,NA,NA,NA,NA,5.754,1.05470858399985,1.66430858399963,2.41422021599919,6.37662021599954,2.10942021599931,4.07852879999973,10.3148404319991,12.753240432,-11.0889287999998
"33","CG.2023-01-12",2023-01-12,"CGFB","CG","CG","FB",1,"Winter","Jan","cold",2023-01-01,"storage",0.292348768,0.292348768,0,0.256461313204456,0.256461313204456,0,4.94,11.89,91.1122937431933,6.81,0,45.6,0.57,4.88,11.67,89.2915865767868,6.77,0,34.2,0.58,NA,11.61,NA,6.72,0,34.6,0.5,NA,NA,NA,NA,NA,NA,NA,4.82,11.38,86.9412220226088,6.71,0,34.9,0.53,4.19,11.11,83.5335830757969,6.67,0,40.4,0.38,4.1,11.25,84.3920885808829,6.67,0,41.1,0.37,4.04,10.92,81.7910268937333,6.66,0,42.5,0.29,1.3,-0.205069439994986,0.402305520001391,1.31893056000263,2.1336000000083,3.25084439999773,3.86154168000212,6.80868336000276,10.8763917600008,20.1257306400075
"34","BV.2023-01-13",2023-01-13,"BVFB","BV","BV","FB",1,"Winter","Jan","cold",2023-01-01,"run_of_river",3.912628542,3.912628542,NA,1.59180914316348,1.59180914316348,NA,3.65,12.27,90.9868221853922,7.63,0,146.9,2.59,NA,NA,NA,NA,NA,NA,NA,NA,NA,NA,NA,NA,NA,NA,NA,NA,NA,NA,NA,NA,NA,NA,NA,NA,NA,NA,NA,NA,NA,NA,NA,NA,NA,NA,NA,NA,NA,NA,NA,NA,NA,NA,NA,NA,NA,NA,NA,NA,NA,0.73,0,9.14399999999978,12.192,12.192,7.78448999090779,4.73648999090756,-1.03053002727711,6.42497998181534,-12.8935500454622
"64","CG.2023-03-08",2023-03-08,"CGFB","CG","CG","FB",1,"Spring","Mar","cold",2023-03-01,"storage",-0.512490063,-0.512490063,0,-0.718444605162234,-0.718444605162234,0,NA,NA,NA,NA,NA,NA,NA,NA,NA,NA,NA,NA,NA,NA,NA,NA,NA,NA,NA,NA,NA,NA,NA,NA,NA,NA,NA,NA,NA,NA,NA,NA,NA,NA,NA,NA,NA,NA,NA,NA,NA,NA,NA,NA,NA,NA,NA,NA,NA,NA,NA,NA,NA,NA,NA,NA,3.4,-0.406755600000906,-1.22029728000052,-1.21807224000077,-1.52174448000005,-1.21471944000223,-1.21362216000125,-2.63341103999846,-4.87122215999989,-13.8235334400015
"289","BV.2023-08-08",2023-08-08,"BVFB","BV","BV","FB",1,"Summer","Aug","warm",2023-08-01,"run_of_river",3.205683815,3.205683815,NA,1.43643689970439,1.43643689970439,NA,NA,NA,NA,NA,NA,NA,NA,NA,NA,NA,NA,NA,NA,NA,NA,NA,NA,NA,NA,NA,NA,NA,NA,NA,NA,NA,NA,NA,NA,NA,NA,NA,NA,NA,NA,NA,NA,NA,NA,NA,NA,NA,NA,NA,NA,NA,NA,NA,NA,NA,NA,NA,NA,NA,NA,NA,6.85,9.14400000000023,13.8804899909078,16.9284899909076,12.5209799818153,11.1614699727229,11.1614699727229,2.34644995450753,-6.79755004549224,-20.6780400364
"290","BV.2023-08-08",2023-08-08,"BVFB","BV","BV","FB",1,"Summer","Aug","warm",2023-08-01,"run_of_river",1.733191482,1.733191482,0,1.00546996742614,1.00546996742614,0,NA,NA,NA,NA,NA,NA,NA,NA,NA,NA,NA,NA,NA,NA,NA,NA,NA,NA,NA,NA,NA,NA,NA,NA,NA,NA,NA,NA,NA,NA,NA,NA,NA,NA,NA,NA,NA,NA,NA,NA,NA,NA,NA,NA,NA,NA,NA,NA,NA,NA,NA,NA,NA,NA,NA,NA,6.85,6.096,15.2400000000002,19.9764899909078,23.0244899909076,18.6169799818153,17.2574699727229,9.80195996359998,5.39444995450776,-17.6300400363998
"292","BV.2023-08-08",2023-08-08,"BVFB","BV","BV","FB",1,"Summer","Aug","warm",2023-08-01,"run_of_river",3.700537299,3.700537299,0,1.54767682111827,1.54767682111827,0,NA,NA,NA,NA,NA,NA,NA,NA,NA,NA,NA,NA,NA,NA,NA,NA,NA,NA,NA,NA,NA,NA,NA,NA,NA,NA,NA,NA,NA,NA,NA,NA,NA,NA,NA,NA,NA,NA,NA,NA,NA,NA,NA,NA,NA,NA,NA,NA,NA,NA,NA,NA,NA,NA,NA,NA,6.85,-7.78448999090779,-10.832489990908,-7.78448999090779,-1.68848999090778,4.40751000909222,13.5515100090925,16.9284899909076,11.1614699726924,-23.7260400364003
"187","BV.2023-10-10",2023-10-10,"BVFB","BV","BV","FB",1,"Fall","Oct","warm",2023-10-01,"run_of_river",19.58162782,19.58162782,0,3.02439882445962,3.02439882445962,0,18.08,11.04,113.113493296489,7.3,NA,147.4,4.54,NA,NA,NA,NA,NA,NA,NA,NA,NA,NA,NA,NA,NA,NA,NA,NA,NA,NA,NA,NA,NA,NA,NA,NA,NA,NA,NA,NA,NA,NA,NA,NA,NA,NA,NA,NA,NA,NA,NA,NA,NA,NA,NA,NA,NA,NA,NA,NA,NA,5.47,-3.04800000000023,-4.40751000909268,-4.40751000909268,-4.40751000909268,-5.76702001818512,-8.8150200181849,-8.8150200181849,-7.12653002727711,-6.7975500454927
"409","BV.2024-07-08",2024-07-08,"BVFB","BV","BV","FB",2,"Summer","Jul","warm",2024-07-01,"run_of_river",2.891009717,2.891009717,0,1.35866869130076,1.35866869130076,0,20.12,9.77,104.019612102543,7.37,3000,125.7,5.21,NA,NA,NA,NA,NA,NA,NA,NA,NA,NA,NA,NA,NA,NA,NA,NA,NA,NA,NA,NA,NA,NA,NA,NA,NA,NA,NA,NA,NA,NA,NA,NA,NA,NA,NA,NA,NA,NA,NA,NA,NA,NA,NA,NA,NA,NA,NA,NA,NA,6.72,-1.35951000909245,-7.45551000909245,-8.8150200181849,-2.71902001818444,8.11346997272267,-4.07853002727734,-5.43804003636978,-2.39004003637001,35.5454699727225
"427","DT.2024-07-15",2024-07-15,"DTFB","DT","DT","FB",2,"Summer","Jul","warm",2024-07-01,"storage",3.317270822,0.21786059,3.099410232,1.4626234484486,0.197095704608795,1.4108431175098,21.92,9.68,106.464703291306,8.99,3000,40.4,1.82,20.88,10.23,110.438867794126,8.48,0,38.8,3.48,14.89,7.49,72.0194973408538,6.12,0,34.1,1.61,13.01,7.8,72.0985598378753,6.18,0,33.9,1.8,11,8.47,74.9284776054196,6.31,0,32.9,0.92,8.85,9.28,78.1695642225727,6.64,0,32.6,0.81,7.15,9.92,80.2642273109121,6.77,0,33.1,0.54,6.77,10.72,85.944292631421,6.89,0,33.6,0.43,3,-1.52511486574076,-2.9482581096745,-4.26942973178666,-5.08074324393237,-5.17937026791333,-5.37996891400689,-7.41159729219362,-5.98956891400303,-7.61665540216927
"3","BV.2022-11-07",2022-11-07,"BVFB","BV","BV","FB",3,"Fall","Nov","warm",2022-11-01,"run_of_river",49.27022031,34.82407627,14.44614405,3.9174128602292,3.57862018887378,2.73735939614269,12.83,10.61,97.6948122415286,7.4,14.1,142.1,1.22,NA,NA,NA,NA,NA,NA,NA,NA,NA,NA,NA,NA,NA,NA,NA,NA,NA,NA,NA,NA,NA,NA,NA,NA,NA,NA,NA,NA,NA,NA,NA,NA,NA,NA,NA,NA,NA,NA,NA,NA,NA,NA,NA,NA,NA,NA,NA,NA,NA,1.08,3.04799999999977,9.14399999999978,7.455510009092,7.455510009092,8.81502001818444,-0.328979981815337,7.12653002730713,2.39004003640002,-11.8194299363231
"56","DT.2023-01-11",2023-01-11,"DTFB","DT","DT","FB",3,"Winter","Jan","cold",2023-01-01,"storage",3.767381515,3.767381515,0,1.56179720553547,1.56179720553547,0,4.9,15.07,115.364317597162,6.83,1.1,33.8,0.84,NA,NA,NA,NA,NA,NA,NA,4.9,14.07,107.709087497814,6.83,0,32,1.21,NA,NA,NA,NA,NA,NA,NA,4.89,17.41,133.244026506796,6.9,0,34.8,1.18,4.89,13.89,106.304395644997,6.8,0,34.4,1.13,4.87,12.44,95.1591928312009,6.79,0,34.2,1.11,4.86,12,91.7703270628514,6.75,0,34.9,1.11,1.5,-7.41828648786031,-14.0219148660472,-20.0137135121404,-27.1260851339539,-33.831685133955,-40.6381418900273,-59.4326554021609,-77.8137080965244,-156.928520228183
"58","BV.2023-01-13",2023-01-13,"BVFB","BV","BV","FB",3,"Winter","Jan","cold",2023-01-01,"run_of_river",5.015454744,5.015454744,0,1.79433194823149,1.79433194823149,0,3.65,12.27,90.9868221853922,7.63,0,146.9,2.59,NA,NA,NA,NA,NA,NA,NA,NA,NA,NA,NA,NA,NA,NA,NA,NA,NA,NA,NA,NA,NA,NA,NA,NA,NA,NA,NA,NA,NA,NA,NA,NA,NA,NA,NA,NA,NA,NA,NA,NA,NA,NA,NA,NA,NA,NA,NA,NA,NA,0.73,0,9.14399999999978,12.192,12.192,7.78448999090779,4.73648999090756,-1.03053002727711,6.42497998181534,-12.8935500454622
"85","DL.2023-03-06",2023-03-06,"DLFB","DL","DL","FB",3,"Spring","Mar","cold",2023-03-01,"run_of_river",7.740761147,7.740761147,0,2.16799727363296,2.16799727363296,0,3.32,13.44,98.816074292676,8.84,0,177.8,2.85,NA,NA,NA,NA,NA,NA,NA,NA,NA,NA,NA,NA,NA,NA,NA,NA,NA,NA,NA,NA,NA,NA,NA,NA,NA,NA,NA,NA,NA,NA,NA,NA,NA,NA,NA,NA,NA,NA,NA,NA,NA,NA,NA,NA,NA,NA,NA,NA,NA,0,-0.304799999999886,0.609600000000682,1.21920000000046,5.48640000000069,3.35280000000057,-1.21919999999955,0.164488368000093,1.68848836800044,4.68812880000041
"89","CG.2023-03-09",2023-03-09,"CGFB","CG","CG","FB",3,"Spring","Mar","cold",2023-03-01,"storage",2.103711616,2.103711616,0,1.13259869078833,1.13259869078833,0,3.95,13.24,98.939628187386,8.31,0,39.6,0.98,3.78,14.09,104.83305915398,8.32,0,40,3.21,3.78,13.51,100.517716761553,8.37,0,40.4,4.68,NA,NA,NA,NA,NA,NA,NA,3.78,13.21,98.2856431102968,8.39,0,40.5,3.27,3.76,12.59,93.6245285154206,8.39,0,41.1,1.48,3.78,12.62,93.8958982628271,8.39,0,41.8,1.21,3.72,12.4,92.1167559583267,8.41,0,41.8,1.46,0.6,-1.32450839999365,-1.93520567999076,-2.74874735999765,-3.56228903999727,-5.08964183999342,-6.61699463999685,-9.66944471999886,-12.5190808799962,-16.4759030399946
"90","BV.2023-03-10",2023-03-10,"BVFB","BV","BV","FB",3,"Spring","Mar","cold",2023-03-01,"run_of_river",19.61079787,16.5576111,3.053186767,3.02581510691384,2.86548753681117,1.39950342775891,3.57,11.01,81.4751342083758,9.3,0,169.8,5.76,NA,NA,NA,NA,NA,NA,NA,NA,NA,NA,NA,NA,NA,NA,NA,NA,NA,NA,NA,NA,NA,NA,NA,NA,NA,NA,NA,NA,NA,NA,NA,NA,NA,NA,NA,NA,NA,NA,NA,NA,NA,NA,NA,NA,NA,NA,NA,NA,NA,1.78,4.40751000909177,4.40751000909177,2.71902001818444,7.12653002730713,10.1745300273074,8.48604003639957,15.6125700636771,36.6195900818616,29.8220400363998
"94","BV.2023-05-01",2023-05-01,"BVFB","BV","BV","FB",3,"Spring","May","cold",2023-05-01,"run_of_river",37.25049775,2.4,0,3.64415657325977,1.22377543162212,0,11.38,11.32,100.989215952411,7.8,0,195.1,12.73,NA,NA,NA,NA,NA,NA,NA,NA,NA,NA,NA,NA,NA,NA,NA,NA,NA,NA,NA,NA,NA,NA,NA,NA,NA,NA,NA,NA,NA,NA,NA,NA,NA,NA,NA,NA,NA,NA,NA,NA,NA,NA,NA,NA,NA,NA,NA,NA,NA,6.16,1.35951000909245,1.35951000909245,4.40751000909268,4.40751000909268,4.40751000909268,0,3.04800000000023,4.73648999090801,0.328979981815337
"116","CG.2023-05-11",2023-05-11,"CGFB","CG","CG","FB",3,"Spring","May","cold",2023-05-01,"storage",1.237117555,1.237117555,0,0.805188231417842,0.805188231417842,0,10.83,10,88.1281603082263,7.39,0,28.7,0.48,6.99,10.55,85.0329508454109,7.6,1521,27.6,3.26,6.37,10.63,84.3966525611218,7.47,575,26.6,3.13,6.16,10.95,86.491185769145,7.47,0,29,1.57,5.75,13.17,102.980478120736,7.47,0,30.4,0.89,4.55,9.62,72.995511549038,7.44,0,40.4,0.5,4.24,9.6,72.2723023037022,7.43,0,41.4,0.5,4.1,13.33,99.9952480696151,7.39,0,42.5,0.44,4.1,0.40565831999993,0.607344479998574,0.70820279999316,0.605119439998816,0.299222159999772,1.01190551999753,2.23220280000533,3.55451663999702,12.7107695999948
"120","DT.2023-05-12",2023-05-12,"DTFB","DT","DT","FB",3,"Spring","May","cold",2023-05-01,"storage",3.483677466,3.483677466,0,1.50044357264959,1.50044357264959,0,10.92,10.46,92.367669491648,8.26,0,33.8,0.96,10.29,9.33,81.2309037082395,8.69,0,33.7,4.2,9.94,10.66,92.0761262787,8.67,0,35.8,7.87,7.21,10.96,88.8071408831898,8.03,0,33.1,7.38,6.81,10.42,83.6201958407745,7.93,0,32.9,5.09,6.29,10.57,83.7561863379316,7.93,0,34,3.5,5.58,11.01,85.7287421160721,7.91,0,36.6,2.7,5.31,14.37,111.141675933617,7.88,0,36.8,2.43,1.9,-1.01525675607263,-2.53814189002151,-2.8395972921935,-2.73316620650439,-1.30779323078605,0.116464879189152,-2.62562025476655,-8.82470674292563,-13.8068229625787
"127","DT.2023-06-15",2023-06-15,"DTFB","DT","DT","FB",3,"Summer","Jun","warm",2023-06-01,"storage",5.980174486,5.980174486,0,1.94307391445611,1.94307391445611,0,15.52,8.28,80.6478588756468,6.6,NA,32.3,1.28,15.05,9.85,95.0237676422916,6.86,NA,32.5,4.53,14.8,9.65,92.6169289428678,6.79,NA,31.3,6.22,13.38,9.24,86.0853755161838,6.57,NA,32.3,8.68,10.11,8.51,73.7900914611792,6.48,NA,30.8,5.11,7.5,8.615,70.2689226505444,6.56,NA,31.8,2.13,5.89,9.42,73.9132901265518,6.62,NA,35.8,1.05,5.62,10.46,81.5270917845423,6.54,NA,36.6,1.12,NA,-0.81354324392305,-2.23780135359266,-2.54148648785485,-3.45588648785633,-3.55562837787875,-3.14774189001764,-1.01302702397516,1.12057297602587,-2.84517162181146
"130","CG.2023-07-13",2023-07-13,"CGFB","CG","CG","FB",3,"Summer","Jul","warm",2023-07-01,"storage",2.733020671,2.733020671,0,1.31721773728652,1.31721773728652,0,20.87,7.2,77.714163017448,7.51,NA,38.8,0.5,15.04,10.27,99.0552194702873,8.06,NA,41.4,1.45,10.62,11.88,104.204520606073,7.96,NA,30.4,4.45,8.36,11.89,99.0133394994646,7.87,NA,26.6,5.09,6.91,10.27,82.6162484713589,7.88,NA,23.1,1.89,5.42,9.13,70.8079482009286,7.95,NA,35.7,1.26,4.86,9.1,69.5924980226623,7.95,NA,37.4,0.91,4.77,6.07,46.315328352873,7.86,NA,39.2,0.92,4.3,-0.915527760000259,-0.711586080004054,-0.200619359995471,-0.097505519996048,-0.503163840003253,-1.21584720000101,-1.926305519999,-2.02493880000111,-5.88870551999571
"136","BV.2023-07-17",2023-07-17,"BVFB","BV","BV","FB",3,"Summer","Jul","warm",2023-07-01,"run_of_river",22.41907904,2.4,20.01907904,3.15355103374138,1.22377543162212,3.04543055097802,21.56,6.05,66.1162747553198,7.73,NA,122.9,11.71,NA,NA,NA,NA,NA,NA,NA,NA,NA,NA,NA,NA,NA,NA,NA,NA,NA,NA,NA,NA,NA,NA,NA,NA,NA,NA,NA,NA,NA,NA,NA,NA,NA,NA,NA,NA,NA,NA,NA,NA,NA,NA,NA,NA,NA,NA,NA,NA,NA,6.39,-12.192,-16.5995100090927,-16.5995100090927,-13.5515100090925,-13.5515100090925,-13.5515100090925,-4.40751000909268,3.04799999999977,22.037550045492
"144","DL.2023-07-19",2023-07-19,"DLFB","DL","DL","FB",3,"Summer","Jul","warm",2023-07-01,"run_of_river",17.88597269,2.880762914,15.00520978,2.93841946079514,1.35603176162615,2.77291428048994,21.94,6.79,74.7056948453222,7.69,NA,125.5,6.37,NA,NA,NA,NA,NA,NA,NA,NA,NA,NA,NA,NA,NA,NA,NA,NA,NA,NA,NA,NA,NA,NA,NA,NA,NA,NA,NA,NA,NA,NA,NA,NA,NA,NA,NA,NA,NA,NA,NA,NA,NA,NA,NA,NA,NA,NA,NA,NA,NA,4.603,-6.09600000000046,-17.2091085840011,-16.5995085840004,-19.483020216001,-20.8425288000008,-19.3185288000004,-13.3628404320007,-8.95532880000064,0.469291415999578
"188","BV.2023-10-10",2023-10-10,"BVFB","BV","BV","FB",3,"Fall","Oct","warm",2023-10-01,"run_of_river",29.6957611,29.6957611,0,3.42412457014137,3.42412457014137,0,18.08,11.04,113.113493296489,7.3,NA,147.4,4.54,NA,NA,NA,NA,NA,NA,NA,NA,NA,NA,NA,NA,NA,NA,NA,NA,NA,NA,NA,NA,NA,NA,NA,NA,NA,NA,NA,NA,NA,NA,NA,NA,NA,NA,NA,NA,NA,NA,NA,NA,NA,NA,NA,NA,NA,NA,NA,NA,NA,5.47,-3.04800000000023,-4.40751000909268,-4.40751000909268,-4.40751000909268,-5.76702001818512,-8.8150200181849,-8.8150200181849,-7.12653002727711,-6.7975500454927
"215","CG.2023-11-15",2023-11-15,"CGFB","CG","CG","FB",3,"Fall","Nov","warm",2023-11-01,"storage",3.65135759,3.65135759,0,1.53715913182745,1.53715913182745,0,7.85,6.59,54.2206240565724,6.72,NA,43.6,1.14,7.52,6.14,50.1225658357549,6.66,NA,43.7,0.98,5.48,7.07,54.9135145669843,6.52,NA,36.5,0.18,5.12,6.36,48.956908925332,6.52,NA,39.2,0.11,4.97,6.38,48.9263974339925,6.53,NA,38.4,0.18,4.81,5.93,45.2927541163202,6.45,NA,42,0.1,4.78,6.35,48.4640058505574,6.3,NA,42.9,0.13,4.79,6.85,52.2932531764322,6.16,NA,44.8,0.2,2.6,0.101986080007919,-0.305897279999044,0.100858320001862,0.611825040003168,0.814669439998397,1.01861112000188,0.713811120003811,0.810188880001078,1.72013880000304
"231","CG.2024-01-24",2024-01-24,"CGFB","CG","CG","FB",3,"Winter","Jan","cold",2024-01-01,"storage",1.271661806,1.271661806,0,0.820511636786241,0.820511636786241,0,5.69,11.42,89.164102961591,7.13,0,30.2,0.69,5.58,11.02,85.8066065503283,7.05,0,31,1.5,5.56,11.74,91.3674567813372,7.05,0,30.4,1.43,5.54,10.73,83.4655740146247,7.05,0,31.3,1.57,5.36,11.13,86.1900324847426,7.01,0,32,1.31,4.77,11.71,89.3496696889857,7.04,0,36.7,1.04,4.65,10.28,78.2011591175993,7.01,0,38.7,0.4,4.63,10.36,78.7698835030525,6.97,0,39.7,0.48,4.7,5.89315559999523,13.0088639999958,18.2935473599937,23.9861445599963,29.5756279199995,34.5521584799935,48.672689039995,62.4862250399965,118.34762208
"239","DT.2024-01-25",2024-01-25,"DTFB","DT","DT","FB",3,"Winter","Jan","cold",2024-01-01,"storage",-0.392573532,-0.392573532,0,-0.498524151422623,-0.498524151422623,0,4.81,10.85,82.8712280205858,7.65,3000,31.5,2.15,4.82,10.63,81.2113523813999,7.56,0,31.9,2.64,4.79,10.66,81.3789896147105,7.55,0,31.4,2.78,4.77,10.67,81.4142592298443,7.52,0,32.1,2.52,4.77,10.65,81.2616551825531,7.59,0,32.1,2.46,4.74,10.67,81.3526618508747,7.655,0,32.8,3.23,4.51,10.88,82.4726190937917,7.7,0,33.9,3.96,4.37,12.35,93.2834255367952,7.68,0,35.3,3.9,1.7,2.64457297571062,4.67843108568923,7.21991757354408,8.33937568352121,9.15403379350028,10.2746067692133,13.8358094770156,21.5622405627073,74.2051621979626
"243","BV.2024-01-29",2024-01-29,"BVFB","BV","BV","FB",3,"Winter","Jan","cold",2024-01-01,"run_of_river",2.702965364,2.702965364,0,1.30913394839057,1.30913394839057,0,3.08,12.39,90.5294414956377,8.12,0,142.3,1.45,NA,NA,NA,NA,NA,NA,NA,NA,NA,NA,NA,NA,NA,NA,NA,NA,NA,NA,NA,NA,NA,NA,NA,NA,NA,NA,NA,NA,NA,NA,NA,NA,NA,NA,NA,NA,NA,NA,NA,NA,NA,NA,NA,NA,NA,NA,NA,NA,NA,3.21,4.40751000909268,3.04800000000023,0,3.04800000000023,3.04800000000023,4.73648999090801,0.328979981815337,15.5689799818156,-22.3665300272769
"363","CG.2024-05-15",2024-05-15,"CGFB","CG","CG","FB",3,"Spring","May","cold",2024-05-01,"storage",0.982016508,0.982016508,0,0.684114764833756,0.684114764833756,0,13.8,16.07,151.053246547772,8.22,0,29.3,0.07,9.53,17.22,147.350229049705,8.14,0,29.1,1.43,8.28,17.53,145.705666706568,8.19,0,29.4,2.49,7.23,17.83,144.543146687494,8.42,0,29.2,1.81,6.67,18.02,144.119444670288,8.41,0,29.5,1.16,6.11,17.63,139.083858535349,8.36,0,32.5,0.6,5.4,17.03,132.010815507895,7.59,0,36.5,0.48,5.08,19.22,147.8001605091,8.32,0,38.5,0.51,2,3.25084439999773,5.68698887999926,8.42909159999544,12.0877888799951,15.9515860799947,19.0006833599982,28.0427277600029,37.8971860800011,78.9431999999942
"441","CG.2024-09-17",2024-09-17,"CGFB","CG","CG","FB",3,"Fall","Sep","warm",2024-09-01,"storage",0.94444284,0.94444284,0,0.664975478450051,0.664975478450051,0,17.05,8.12,81.5454985234927,7.53,0,47.7,0.58,13.88,8.82,83.0450229547271,7.37,0,46.4,1.43,11.29,8.85,78.7963953943192,7.27,0,37.8,2.37,9.23,9.22,78.3515677812233,7.24,0,31.3,2.08,7.23,8.9,72.1499722668927,7.22,0,32.8,2.87,5.87,10.38,81.405658462076,7.32,0,33.8,0.42,5.55,9.14,71.1150889011659,7.29,0,35.7,0.45,5.46,10,77.6325251568379,7.28,0,36.1,0.13,1.4,-1.62595560000045,-2.84628335999878,-4.06548335999832,-5.18269727999723,-6.09599999999773,-6.60138888000074,-10.1570027999987,-12.6940360799999,-26.4089387999993
"444","BV.2024-09-18",2024-09-18,"BVFB","BV","BV","FB",3,"Fall","Sep","warm",2024-09-01,"run_of_river",17.0906611,8.911253851,8.179407245,2.89539584379196,2.29367086415276,2.21696263228621,19.05,7.8,81.4067981041323,8.01,0,137.9,5.64,NA,NA,NA,NA,NA,NA,NA,NA,NA,NA,NA,NA,NA,NA,NA,NA,NA,NA,NA,NA,NA,NA,NA,NA,NA,NA,NA,NA,NA,NA,NA,NA,NA,NA,NA,NA,NA,NA,NA,NA,NA,NA,NA,NA,NA,NA,NA,NA,NA,3.06,-7.45551000912337,-7.45551000912337,-1.35951000912337,-7.45551000912337,-4.40751000912314,-4.40751000912314,-6.09600000003093,3.04799999999977,17.9590200181847
"469","DL.2024-11-12",2024-11-12,"DLFB","DL","DL","FB",3,"Fall","Nov","warm",2024-11-01,"run_of_river",3.848850351,3.848850351,0,1.5787416358198,1.5787416358198,0,12.26,10.09,91.7697132591018,7.97,0,166.8,0.54,NA,NA,NA,NA,NA,NA,NA,NA,NA,NA,NA,NA,NA,NA,NA,NA,NA,NA,NA,NA,NA,NA,NA,NA,NA,NA,NA,NA,NA,NA,NA,NA,NA,NA,NA,NA,NA,NA,NA,NA,NA,NA,NA,NA,NA,NA,NA,NA,NA,9.207,8.22959999999966,-0.749911632000476,-0.445111632000589,-1.19502021600056,-3.02382021599988,0.328979783999785,7.03457978400002,5.95568836799976,8.48603738400016
"4","BV.2022-11-07",2022-11-07,"BVFB","BV","BV","FB",4,"Fall","Nov","warm",2022-11-01,"run_of_river",34.93508974,31.88687923,3.048210508,3.58171424820406,3.49307377062764,1.39827493359748,12.83,10.61,97.6948122415286,7.4,14.1,142.1,1.22,NA,NA,NA,NA,NA,NA,NA,NA,NA,NA,NA,NA,NA,NA,NA,NA,NA,NA,NA,NA,NA,NA,NA,NA,NA,NA,NA,NA,NA,NA,NA,NA,NA,NA,NA,NA,NA,NA,NA,NA,NA,NA,NA,NA,NA,NA,NA,NA,NA,1.08,3.04799999999977,9.14399999999978,7.455510009092,7.455510009092,8.81502001818444,-0.328979981815337,7.12653002730713,2.39004003640002,-11.8194299363231
"23","DT.2022-11-10",2022-11-10,"DTFB","DT","DT","FB",4,"Fall","Nov","warm",2022-11-01,"storage",2.686631149,0.754923461,1.931707688,1.30471307329287,0.562425244000988,1.07558508191925,12.07,13.92,126.081365789613,6.78,0,43.5,0.49,12.01,11.57,104.658920534318,6.83,0,43.3,1.36,11.99,12.15,109.857426938534,6.81,0,43.6,1.26,NA,NA,NA,NA,NA,NA,NA,11.65,12.81,114.964753289727,6.79,3.3,42,1.14,11.18,13.04,115.81923652784,6.82,5.1,40.8,0.82,10.93,14.91,131.693067383188,6.79,0,40.8,0.85,10.76,15.73,138.40853194757,6.78,0.1,41.3,0.78,1.5,-3.76068648784712,-6.91065810996952,-10.0595148660359,-13.2072567560681,-16.0490837803518,-18.9951121582344,-28.3408256703769,-35.5507094504283,-59.6031526680745
"15","DL.2022-11-11",2022-11-11,"DLFB","DL","DL","FB",4,"Fall","Nov","warm",2022-11-01,"run_of_river",17.98518668,8.204133234,9.781053442,2.9436590266615,2.2196526477311,2.37779028259877,11.8,11.74,105.709685211255,7.52,0,155.5,1.62,NA,NA,NA,NA,NA,NA,NA,NA,NA,NA,NA,NA,NA,NA,NA,NA,NA,NA,NA,NA,NA,NA,NA,NA,NA,NA,NA,NA,NA,NA,NA,NA,NA,NA,NA,NA,NA,NA,NA,NA,NA,NA,NA,NA,NA,NA,NA,NA,NA,0,0.609599999999773,4.8768,4.26719999999932,4.26719999999932,4.12689141600003,5.65089141600038,3.07217978399967,1.85297978400013,-21.3118202160003
"45","DL.2023-01-09",2023-01-09,"DLFB","DL","DL","FB",4,"Winter","Jan","cold",2023-01-01,"run_of_river",2.659949012,0.732627732,1.92732128,1.29744921616869,0.549639176348348,1.07408776594984,3.14,11.97,87.5974179434517,7.22,0,160.4,1.49,NA,NA,NA,NA,NA,NA,NA,NA,NA,NA,NA,NA,NA,NA,NA,NA,NA,NA,NA,NA,NA,NA,NA,NA,NA,NA,NA,NA,NA,NA,NA,NA,NA,NA,NA,NA,NA,NA,NA,NA,NA,NA,NA,NA,NA,NA,NA,NA,NA,5.754,1.05470858399985,1.66430858399963,2.41422021599919,6.37662021599954,2.10942021599931,4.07852879999973,10.3148404319991,12.753240432,-11.0889287999998
"46","DL.2023-01-09",2023-01-09,"DLFB","DL","DL","FB",4,"Winter","Jan","cold",2023-01-01,"run_of_river",14.27569308,6.199982271,8.075710807,2.7262628775144,1.97407856365787,2.20560170292383,3.14,11.97,87.5974179434517,7.22,0,160.4,1.49,NA,NA,NA,NA,NA,NA,NA,NA,NA,NA,NA,NA,NA,NA,NA,NA,NA,NA,NA,NA,NA,NA,NA,NA,NA,NA,NA,NA,NA,NA,NA,NA,NA,NA,NA,NA,NA,NA,NA,NA,NA,NA,NA,NA,NA,NA,NA,NA,NA,5.754,6.23631163200025,1.05471163200036,2.10942021600022,2.71902021599999,3.46893184799956,7.4313318479999,5.74284043199987,7.407152064,-16.4350171679998
"48","DT.2023-01-11",2023-01-11,"DTFB","DT","DT","FB",4,"Winter","Jan","cold",2023-01-01,"storage",-0.93094122,-0.93094122,0,-2.67279725297419,-2.67279725297419,0,4.9,15.07,115.364317597162,6.83,1.1,33.8,0.84,NA,NA,NA,NA,NA,NA,NA,4.9,14.07,107.709087497814,6.83,0,32,1.21,NA,NA,NA,NA,NA,NA,NA,4.89,17.41,133.244026506796,6.9,0,34.8,1.18,4.89,13.89,106.304395644997,6.8,0,34.4,1.13,4.87,12.44,95.1591928312009,6.79,0,34.2,1.11,4.86,12,91.7703270628514,6.75,0,34.9,1.11,1.5,-7.41828648786031,-14.0219148660472,-20.0137135121404,-27.1260851339539,-33.831685133955,-40.6381418900273,-59.4326554021609,-77.8137080965244,-156.928520228183
"49","CG.2023-01-12",2023-01-12,"CGFB","CG","CG","FB",4,"Winter","Jan","cold",2023-01-01,"storage",0.650461209,0.650461209,0,0.501054769459944,0.501054769459944,0,4.94,11.89,91.1122937431933,6.81,0,45.6,0.57,4.88,11.67,89.2915865767868,6.77,0,34.2,0.58,NA,11.61,NA,6.72,0,34.6,0.5,NA,NA,NA,NA,NA,NA,NA,4.82,11.38,86.9412220226088,6.71,0,34.9,0.53,4.19,11.11,83.5335830757969,6.67,0,40.4,0.38,4.1,11.25,84.3920885808829,6.67,0,41.1,0.37,4.04,10.92,81.7910268937333,6.66,0,42.5,0.29,1.3,-0.205069439994986,0.402305520001391,1.31893056000263,2.1336000000083,3.25084439999773,3.86154168000212,6.80868336000276,10.8763917600008,20.1257306400075
"50","BV.2023-01-13",2023-01-13,"BVFB","BV","BV","FB",4,"Winter","Jan","cold",2023-01-01,"run_of_river",3.151859515,3.151859515,NA,1.42355630979019,1.42355630979019,NA,3.65,12.27,90.9868221853922,7.63,0,146.9,2.59,NA,NA,NA,NA,NA,NA,NA,NA,NA,NA,NA,NA,NA,NA,NA,NA,NA,NA,NA,NA,NA,NA,NA,NA,NA,NA,NA,NA,NA,NA,NA,NA,NA,NA,NA,NA,NA,NA,NA,NA,NA,NA,NA,NA,NA,NA,NA,NA,NA,0.73,0,9.14399999999978,12.192,12.192,7.78448999090779,4.73648999090756,-1.03053002727711,6.42497998181534,-12.8935500454622
"77","DL.2023-03-06",2023-03-06,"DLFB","DL","DL","FB",4,"Spring","Mar","cold",2023-03-01,"run_of_river",3.791911478,3.791911478,NA,1.56692938777107,1.56692938777107,NA,3.32,13.44,98.816074292676,8.84,0,177.8,2.85,NA,NA,NA,NA,NA,NA,NA,NA,NA,NA,NA,NA,NA,NA,NA,NA,NA,NA,NA,NA,NA,NA,NA,NA,NA,NA,NA,NA,NA,NA,NA,NA,NA,NA,NA,NA,NA,NA,NA,NA,NA,NA,NA,NA,NA,NA,NA,NA,NA,0,-0.304799999999886,0.609600000000682,1.21920000000046,5.48640000000069,3.35280000000057,-1.21919999999955,0.164488368000093,1.68848836800044,4.68812880000041
"80","DT.2023-03-08",2023-03-08,"DTFB","DT","DT","FB",4,"Spring","Mar","cold",2023-03-01,"storage",2.519735495,1.540269623,0.979465872,1.25838584332068,0.932270226184251,0.682827046698072,3.75,11.66,86.6863576591997,8.57,0,38.7,1.94,3.75,11.67,86.7607027343792,8.61,0,38.7,3.21,3.75,12.16,90.4036114181706,8.71,0,38.3,3.51,NA,NA,NA,NA,NA,NA,NA,3.75,11.92,88.6193296138646,8.71,0,38.5,3.56,3.76,11.58,86.1137442580279,8.71,0,38.5,3.63,3.75,11.28,83.8612448023819,8.66,0,39.3,3.37,3.75,10.86,80.7387516448464,8.69,0,37.5,3,1.1,1.6259716221175,2.54037162211898,4.26831486604351,6.71005946387595,8.4391175735509,10.3721189274511,8.23851892745006,3.46034595173114,0.401197292194411
"81","CG.2023-03-09",2023-03-09,"CGFB","CG","CG","FB",4,"Spring","Mar","cold",2023-03-01,"storage",1.914717045,0.500449519,1.414267526,1.06977274648036,0.405764742546615,0.881395939235869,3.95,13.24,98.939628187386,8.31,0,39.6,0.98,3.78,14.09,104.83305915398,8.32,0,40,3.21,3.78,13.51,100.517716761553,8.37,0,40.4,4.68,NA,NA,NA,NA,NA,NA,NA,3.78,13.21,98.2856431102968,8.39,0,40.5,3.27,3.76,12.59,93.6245285154206,8.39,0,41.1,1.48,3.78,12.62,93.8958982628271,8.39,0,41.8,1.21,3.72,12.4,92.1167559583267,8.41,0,41.8,1.46,0.6,-1.32450839999365,-1.93520567999076,-2.74874735999765,-3.56228903999727,-5.08964183999342,-6.61699463999685,-9.66944471999886,-12.5190808799962,-16.4759030399946
"82","BV.2023-03-10",2023-03-10,"BVFB","BV","BV","FB",4,"Spring","Mar","cold",2023-03-01,"run_of_river",9.054772157,4.949395247,4.10537691,2.30804736329608,1.78328957523227,1.63029428042892,3.57,11.01,81.4751342083758,9.3,0,169.8,5.76,NA,NA,NA,NA,NA,NA,NA,NA,NA,NA,NA,NA,NA,NA,NA,NA,NA,NA,NA,NA,NA,NA,NA,NA,NA,NA,NA,NA,NA,NA,NA,NA,NA,NA,NA,NA,NA,NA,NA,NA,NA,NA,NA,NA,NA,NA,NA,NA,NA,1.78,4.40751000909177,4.40751000909177,2.71902001818444,7.12653002730713,10.1745300273074,8.48604003639957,15.6125700636771,36.6195900818616,29.8220400363998
"16","DL.2022-11-11",2022-11-11,"DLFB","DL","DL","FB",6,"Fall","Nov","warm",2022-11-01,"run_of_river",2.046592045,0.842855518,1.203736527,1.11402360360959,0.611316280606498,0.790154341041373,11.8,11.74,105.709685211255,7.52,0,155.5,1.62,NA,NA,NA,NA,NA,NA,NA,NA,NA,NA,NA,NA,NA,NA,NA,NA,NA,NA,NA,NA,NA,NA,NA,NA,NA,NA,NA,NA,NA,NA,NA,NA,NA,NA,NA,NA,NA,NA,NA,NA,NA,NA,NA,NA,NA,NA,NA,NA,NA,0,0.609599999999773,4.8768,4.26719999999932,4.26719999999932,4.12689141600003,5.65089141600038,3.07217978399967,1.85297978400013,-21.3118202160003
"37","DL.2023-01-09",2023-01-09,"DLFB","DL","DL","FB",6,"Winter","Jan","cold",2023-01-01,"run_of_river",1.016378185,1.016378185,0,0.70130292438186,0.70130292438186,0,3.14,11.97,87.5974179434517,7.22,0,160.4,1.49,NA,NA,NA,NA,NA,NA,NA,NA,NA,NA,NA,NA,NA,NA,NA,NA,NA,NA,NA,NA,NA,NA,NA,NA,NA,NA,NA,NA,NA,NA,NA,NA,NA,NA,NA,NA,NA,NA,NA,NA,NA,NA,NA,NA,NA,NA,NA,NA,NA,5.754,1.05470858399985,1.66430858399963,2.41422021599919,6.37662021599954,2.10942021599931,4.07852879999973,10.3148404319991,12.753240432,-11.0889287999998
"40","DT.2023-01-11",2023-01-11,"DTFB","DT","DT","FB",6,"Winter","Jan","cold",2023-01-01,"storage",0.687237283,0.687237283,0,0.523092447496365,0.523092447496365,0,4.9,15.07,115.364317597162,6.83,1.1,33.8,0.84,NA,NA,NA,NA,NA,NA,NA,4.9,14.07,107.709087497814,6.83,0,32,1.21,NA,NA,NA,NA,NA,NA,NA,4.89,17.41,133.244026506796,6.9,0,34.8,1.18,4.89,13.89,106.304395644997,6.8,0,34.4,1.13,4.87,12.44,95.1591928312009,6.79,0,34.2,1.11,4.86,12,91.7703270628514,6.75,0,34.9,1.11,1.5,-7.41828648786031,-14.0219148660472,-20.0137135121404,-27.1260851339539,-33.831685133955,-40.6381418900273,-59.4326554021609,-77.8137080965244,-156.928520228183
"41","CG.2023-01-12",2023-01-12,"CGFB","CG","CG","FB",6,"Winter","Jan","cold",2023-01-01,"storage",-0.304839162,-0.304839162,0,-0.363612038608455,-0.363612038608455,0,4.94,11.89,91.1122937431933,6.81,0,45.6,0.57,4.88,11.67,89.2915865767868,6.77,0,34.2,0.58,NA,11.61,NA,6.72,0,34.6,0.5,NA,NA,NA,NA,NA,NA,NA,4.82,11.38,86.9412220226088,6.71,0,34.9,0.53,4.19,11.11,83.5335830757969,6.67,0,40.4,0.38,4.1,11.25,84.3920885808829,6.67,0,41.1,0.37,4.04,10.92,81.7910268937333,6.66,0,42.5,0.29,1.3,-0.205069439994986,0.402305520001391,1.31893056000263,2.1336000000083,3.25084439999773,3.86154168000212,6.80868336000276,10.8763917600008,20.1257306400075
"69","DL.2023-03-06",2023-03-06,"DLFB","DL","DL","FB",6,"Spring","Mar","cold",2023-03-01,"run_of_river",2.803432267,0.5776215,2.225810767,1.33590388722514,0.455918333069516,1.17118431927205,3.32,13.44,98.816074292676,8.84,0,177.8,2.85,NA,NA,NA,NA,NA,NA,NA,NA,NA,NA,NA,NA,NA,NA,NA,NA,NA,NA,NA,NA,NA,NA,NA,NA,NA,NA,NA,NA,NA,NA,NA,NA,NA,NA,NA,NA,NA,NA,NA,NA,NA,NA,NA,NA,NA,NA,NA,NA,NA,0,-0.304799999999886,0.609600000000682,1.21920000000046,5.48640000000069,3.35280000000057,-1.21919999999955,0.164488368000093,1.68848836800044,4.68812880000041
"73","CG.2023-03-09",2023-03-09,"CGFB","CG","CG","FB",6,"Spring","Mar","cold",2023-03-01,"storage",0.498383133,0.498383133,0,0.4043866154106,0.4043866154106,0,3.95,13.24,98.939628187386,8.31,0,39.6,0.98,3.78,14.09,104.83305915398,8.32,0,40,3.21,3.78,13.51,100.517716761553,8.37,0,40.4,4.68,NA,NA,NA,NA,NA,NA,NA,3.78,13.21,98.2856431102968,8.39,0,40.5,3.27,3.76,12.59,93.6245285154206,8.39,0,41.1,1.48,3.78,12.62,93.8958982628271,8.39,0,41.8,1.21,3.72,12.4,92.1167559583267,8.41,0,41.8,1.46,0.6,-1.32450839999365,-1.93520567999076,-2.74874735999765,-3.56228903999727,-5.08964183999342,-6.61699463999685,-9.66944471999886,-12.5190808799962,-16.4759030399946
"96","BV.2023-05-01",2023-05-01,"BVFB","BV","BV","FB",6,"Spring","May","cold",2023-05-01,"run_of_river",2.892627412,1.656630547,1.235996866,1.35908435688139,0.977058608182116,0.804687153681853,11.38,11.32,100.989215952411,7.8,0,195.1,12.73,NA,NA,NA,NA,NA,NA,NA,NA,NA,NA,NA,NA,NA,NA,NA,NA,NA,NA,NA,NA,NA,NA,NA,NA,NA,NA,NA,NA,NA,NA,NA,NA,NA,NA,NA,NA,NA,NA,NA,NA,NA,NA,NA,NA,NA,NA,NA,NA,NA,6.16,1.35951000909245,1.35951000909245,4.40751000909268,4.40751000909268,4.40751000909268,0,3.04800000000023,4.73648999090801,0.328979981815337
"117","CG.2023-05-11",2023-05-11,"CGFB","CG","CG","FB",6,"Spring","May","cold",2023-05-01,"storage",3.263970227,2.497664332,0.766305895,1.45020070442828,1.25209541201483,0.56889030065883,10.83,10,88.1281603082263,7.39,0,28.7,0.48,6.99,10.55,85.0329508454109,7.6,1521,27.6,3.26,6.37,10.63,84.3966525611218,7.47,575,26.6,3.13,6.16,10.95,86.491185769145,7.47,0,29,1.57,5.75,13.17,102.980478120736,7.47,0,30.4,0.89,4.55,9.62,72.995511549038,7.44,0,40.4,0.5,4.24,9.6,72.2723023037022,7.43,0,41.4,0.5,4.1,13.33,99.9952480696151,7.39,0,42.5,0.44,4.1,0.40565831999993,0.607344479998574,0.70820279999316,0.605119439998816,0.299222159999772,1.01190551999753,2.23220280000533,3.55451663999702,12.7107695999948
"121","DT.2023-05-12",2023-05-12,"DTFB","DT","DT","FB",6,"Spring","May","cold",2023-05-01,"storage",5.139782756,5.139782756,0,1.81478935977414,1.81478935977414,0,10.92,10.46,92.367669491648,8.26,0,33.8,0.96,10.29,9.33,81.2309037082395,8.69,0,33.7,4.2,9.94,10.66,92.0761262787,8.67,0,35.8,7.87,7.21,10.96,88.8071408831898,8.03,0,33.1,7.38,6.81,10.42,83.6201958407745,7.93,0,32.9,5.09,6.29,10.57,83.7561863379316,7.93,0,34,3.5,5.58,11.01,85.7287421160721,7.91,0,36.6,2.7,5.31,14.37,111.141675933617,7.88,0,36.8,2.43,1.9,-1.01525675607263,-2.53814189002151,-2.8395972921935,-2.73316620650439,-1.30779323078605,0.116464879189152,-2.62562025476655,-8.82470674292563,-13.8068229625787
"128","DT.2023-06-15",2023-06-15,"DTFB","DT","DT","FB",6,"Summer","Jun","warm",2023-06-01,"storage",0.901376312,0.901376312,0,0.642577998676486,0.642577998676486,0,15.52,8.28,80.6478588756468,6.6,NA,32.3,1.28,15.05,9.85,95.0237676422916,6.86,NA,32.5,4.53,14.8,9.65,92.6169289428678,6.79,NA,31.3,6.22,13.38,9.24,86.0853755161838,6.57,NA,32.3,8.68,10.11,8.51,73.7900914611792,6.48,NA,30.8,5.11,7.5,8.615,70.2689226505444,6.56,NA,31.8,2.13,5.89,9.42,73.9132901265518,6.62,NA,35.8,1.05,5.62,10.46,81.5270917845423,6.54,NA,36.6,1.12,NA,-0.81354324392305,-2.23780135359266,-2.54148648785485,-3.45588648785633,-3.55562837787875,-3.14774189001764,-1.01302702397516,1.12057297602587,-2.84517162181146
"131","CG.2023-07-13",2023-07-13,"CGFB","CG","CG","FB",6,"Summer","Jul","warm",2023-07-01,"storage",3.062653119,3.062653119,0,1.40183623777634,1.40183623777634,0,20.87,7.2,77.714163017448,7.51,NA,38.8,0.5,15.04,10.27,99.0552194702873,8.06,NA,41.4,1.45,10.62,11.88,104.204520606073,7.96,NA,30.4,4.45,8.36,11.89,99.0133394994646,7.87,NA,26.6,5.09,6.91,10.27,82.6162484713589,7.88,NA,23.1,1.89,5.42,9.13,70.8079482009286,7.95,NA,35.7,1.26,4.86,9.1,69.5924980226623,7.95,NA,37.4,0.91,4.77,6.07,46.315328352873,7.86,NA,39.2,0.92,4.3,-0.915527760000259,-0.711586080004054,-0.200619359995471,-0.097505519996048,-0.503163840003253,-1.21584720000101,-1.926305519999,-2.02493880000111,-5.88870551999571
"138","BV.2023-07-17",2023-07-17,"BVFB","BV","BV","FB",6,"Summer","Jul","warm",2023-07-01,"run_of_river",12.89681144,12.89681144,0,2.63165942101634,2.63165942101634,0,21.56,6.05,66.1162747553198,7.73,NA,122.9,11.71,NA,NA,NA,NA,NA,NA,NA,NA,NA,NA,NA,NA,NA,NA,NA,NA,NA,NA,NA,NA,NA,NA,NA,NA,NA,NA,NA,NA,NA,NA,NA,NA,NA,NA,NA,NA,NA,NA,NA,NA,NA,NA,NA,NA,NA,NA,NA,NA,NA,6.39,-12.192,-16.5995100090927,-16.5995100090927,-13.5515100090925,-13.5515100090925,-13.5515100090925,-4.40751000909268,3.04799999999977,22.037550045492
"145","DL.2023-07-19",2023-07-19,"DLFB","DL","DL","FB",6,"Summer","Jul","warm",2023-07-01,"run_of_river",79.88488708,29.5,50.38488708,4.39302699672455,3.41772668361337,3.93934410354616,21.94,6.79,74.7056948453222,7.69,NA,125.5,6.37,NA,NA,NA,NA,NA,NA,NA,NA,NA,NA,NA,NA,NA,NA,NA,NA,NA,NA,NA,NA,NA,NA,NA,NA,NA,NA,NA,NA,NA,NA,NA,NA,NA,NA,NA,NA,NA,NA,NA,NA,NA,NA,NA,NA,NA,NA,NA,NA,NA,4.603,-6.09600000000046,-17.2091085840011,-16.5995085840004,-19.483020216001,-20.8425288000008,-19.3185288000004,-13.3628404320007,-8.95532880000064,0.469291415999578
"346","BV.2023-08-08",2023-08-08,"BVFB","BV","BV","FB",6,"Summer","Aug","warm",2023-08-01,"run_of_river",8.906298543,8.702319052,0.203979491,2.2931707713053,2.27236493446063,0.185632312688392,NA,NA,NA,NA,NA,NA,NA,NA,NA,NA,NA,NA,NA,NA,NA,NA,NA,NA,NA,NA,NA,NA,NA,NA,NA,NA,NA,NA,NA,NA,NA,NA,NA,NA,NA,NA,NA,NA,NA,NA,NA,NA,NA,NA,NA,NA,NA,NA,NA,NA,NA,NA,NA,NA,NA,NA,6.85,4.73648999090756,7.78448999090733,3.37697998181511,2.01746997272267,2.01746997272267,-2.39004003640002,-9.84555004549247,-18.9895500454927,-23.7260400364003
"347","BV.2023-08-08",2023-08-08,"BVFB","BV","BV","FB",6,"Summer","Aug","warm",2023-08-01,"run_of_river",23.60638371,23.60638371,0,3.20300590968041,3.20300590968041,0,NA,NA,NA,NA,NA,NA,NA,NA,NA,NA,NA,NA,NA,NA,NA,NA,NA,NA,NA,NA,NA,NA,NA,NA,NA,NA,NA,NA,NA,NA,NA,NA,NA,NA,NA,NA,NA,NA,NA,NA,NA,NA,NA,NA,NA,NA,NA,NA,NA,NA,NA,NA,NA,NA,NA,NA,6.85,9.14400000000023,13.8804899909078,16.9284899909076,12.5209799818153,11.1614699727229,11.1614699727229,2.34644995450753,-6.79755004549224,-20.6780400364
"348","BV.2023-08-08",2023-08-08,"BVFB","BV","BV","FB",6,"Summer","Aug","warm",2023-08-01,"run_of_river",11.09249285,7.338506294,3.753986553,2.49258483443924,2.12088409889123,1.55898354036858,NA,NA,NA,NA,NA,NA,NA,NA,NA,NA,NA,NA,NA,NA,NA,NA,NA,NA,NA,NA,NA,NA,NA,NA,NA,NA,NA,NA,NA,NA,NA,NA,NA,NA,NA,NA,NA,NA,NA,NA,NA,NA,NA,NA,NA,NA,NA,NA,NA,NA,NA,NA,NA,NA,NA,NA,6.85,6.096,12.192,21.3360000000002,26.0724899909078,29.1204899909076,24.7129799818154,18.9459599636002,11.4904499545078,-15.9415500454925
"172","DL.2023-09-12",2023-09-12,"DLFB","DL","DL","FB",6,"Fall","Sep","warm",2023-09-01,"run_of_river",12.86470067,12.86470067,0,2.6293460899418,2.6293460899418,0,20.45,6.72,71.9811309998288,7.46,NA,138.6,3.92,NA,NA,NA,NA,NA,NA,NA,NA,NA,NA,NA,NA,NA,NA,NA,NA,NA,NA,NA,NA,NA,NA,NA,NA,NA,NA,NA,NA,NA,NA,NA,NA,NA,NA,NA,NA,NA,NA,NA,NA,NA,NA,NA,NA,NA,NA,NA,NA,NA,20.714,-0.164491415999692,-0.774091415999465,-1.68849141600003,-6.26049141600015,-0.914399999999659,-8.83919999999944,-7.4555116319998,-13.2467116319995,-4.57199999999921
"353","DT.2023-09-13",2023-09-13,"DTFB","DT","DT","FB",6,"Fall","Sep","warm",2023-09-01,"storage",19.59286475,2.002137918,17.59072683,3.0249446444359,1.09932467419461,2.92266289887115,NA,NA,NA,NA,NA,NA,NA,NA,NA,NA,NA,NA,NA,NA,NA,NA,NA,NA,NA,NA,NA,NA,NA,NA,NA,NA,NA,NA,NA,NA,NA,NA,NA,NA,NA,NA,NA,NA,NA,NA,NA,NA,NA,NA,NA,NA,NA,NA,NA,NA,NA,NA,NA,NA,NA,NA,2.9,-2.03385810997133,-4.1685729760211,-5.59060135389882,-7.31742973178916,-8.53439999999682,-9.75137026821176,-15.1335689143089,-20.618854048269,-22.0408824264523
"354","DT.2023-09-13",2023-09-13,"DTFB","DT","DT","FB",6,"Fall","Sep","warm",2023-09-01,"storage",52.47984884,52.47984884,0,3.97930492575256,3.97930492575256,0,NA,NA,NA,NA,NA,NA,NA,NA,NA,NA,NA,NA,NA,NA,NA,NA,NA,NA,NA,NA,NA,NA,NA,NA,NA,NA,NA,NA,NA,NA,NA,NA,NA,NA,NA,NA,NA,NA,NA,NA,NA,NA,NA,NA,NA,NA,NA,NA,NA,NA,NA,NA,NA,NA,NA,NA,2.9,-0.00111486573587172,-0.307029731775401,-2.44285946356831,-4.47671757353964,-6.61143243958941,-8.03346081746713,-12.1942297317801,-17.5764283778772,-22.7546837800473
"213","CG.2023-11-15",2023-11-15,"CGFB","CG","CG","FB",6,"Fall","Nov","warm",2023-11-01,"storage",2.35554028,1.008321488,1.347218792,1.21061279471636,0.697299292599929,0.853231134509501,7.85,6.59,54.2206240565724,6.72,NA,43.6,1.14,7.52,6.14,50.1225658357549,6.66,NA,43.7,0.98,5.48,7.07,54.9135145669843,6.52,NA,36.5,0.18,5.12,6.36,48.956908925332,6.52,NA,39.2,0.11,4.97,6.38,48.9263974339925,6.53,NA,38.4,0.18,4.81,5.93,45.2927541163202,6.45,NA,42,0.1,4.78,6.35,48.4640058505574,6.3,NA,42.9,0.13,4.79,6.85,52.2932531764322,6.16,NA,44.8,0.2,2.6,-0.407883360006963,-0.00112776000605663,0.50983895999525,0.712683359990478,0.91662503999396,1.42646399999649,0.914399999994203,0.300319439993473,1.41308327999286
"217","CG.2023-11-15",2023-11-15,"CGFB","CG","CG","FB",6,"Fall","Nov","warm",2023-11-01,"storage",1.259843492,1.259843492,0,0.815295559558777,0.815295559558777,0,7.85,6.59,54.2206240565724,6.72,NA,43.6,1.14,7.52,6.14,50.1225658357549,6.66,NA,43.7,0.98,5.48,7.07,54.9135145669843,6.52,NA,36.5,0.18,5.12,6.36,48.956908925332,6.52,NA,39.2,0.11,4.97,6.38,48.9263974339925,6.53,NA,38.4,0.18,4.81,5.93,45.2927541163202,6.45,NA,42,0.1,4.78,6.35,48.4640058505574,6.3,NA,42.9,0.13,4.79,6.85,52.2932531764322,6.16,NA,44.8,0.2,2.6,0.101986080007919,-0.305897279999044,0.100858320001862,0.611825040003168,0.814669439998397,1.01861112000188,0.713811120003811,0.810188880001078,1.72013880000304
"232","CG.2024-01-24",2024-01-24,"CGFB","CG","CG","FB",6,"Winter","Jan","cold",2024-01-01,"storage",7.141761713,7.141761713,0,2.09700658325605,2.09700658325605,0,5.69,11.42,89.164102961591,7.13,0,30.2,0.69,5.58,11.02,85.8066065503283,7.05,0,31,1.5,5.56,11.74,91.3674567813372,7.05,0,30.4,1.43,5.54,10.73,83.4655740146247,7.05,0,31.3,1.57,5.36,11.13,86.1900324847426,7.01,0,32,1.31,4.77,11.71,89.3496696889857,7.04,0,36.7,1.04,4.65,10.28,78.2011591175993,7.01,0,38.7,0.4,4.63,10.36,78.7698835030525,6.97,0,39.7,0.48,4.7,5.89315559999523,13.0088639999958,18.2935473599937,23.9861445599963,29.5756279199995,34.5521584799935,48.672689039995,62.4862250399965,118.34762208
"253","DT.2024-03-07",2024-03-07,"DTFB","DT","DT","FB",6,"Spring","Mar","cold",2024-03-01,"storage",0.013601248,0.013601248,0,0.0135095812789672,0.0135095812789672,0,5.21,9.78,75.4525690541375,7.07,NA,31.4,0.51,5.1,9.78,75.2450777132374,6.81,NA,31.8,1.75,5.09,9.59,73.7647710975301,6.83,NA,32,1.85,5.03,9.58,73.5770491564434,6.84,NA,32.6,1.5,4.94,9.62,73.7174319436097,6.84,NA,32.6,1.21,4.95,9.56,73.2760725245281,7.09,NA,32.8,1.38,4.94,9.6,73.5641732493403,7.08,NA,33.3,0.51,4.82,11.09,84.725672428008,7.13,NA,33.7,0.66,5,1.11611351213651,2.6401135121414,3.76403108568775,4.37809054956597,3.7696054153057,3.4659202813491,2.96275136704207,4.89575272094226,14.5484959648747
"268","CG.2024-03-21",2024-03-21,"CGFB","CG","CG","FB",6,"Spring","Mar","cold",2024-03-01,"storage",-0.032282595,-0.032282595,0,-0.0328151713109277,-0.0328151713109277,0,6.56,9.44,75.2969672412774,7.59,NA,36.6,1.37,6.19,9.84,77.7808291169536,7.67,NA,36.7,0,5.63,9.94,77.4933402967744,7.64,NA,38,0,5.23,9.37,72.3255817887045,7.63,NA,37.9,1.37,5.01,9.58,73.5401230073883,7.59,NA,39.7,1.15,4.53,9.2,69.773234770268,7.65,NA,39.7,0.36,4.42,8.83,66.7805379369128,7.64,NA,39.7,0.17,4.41,12.89,97.4612177164868,7.61,NA,39.7,0.17,3.2,0.811316640007135,1.11498888000642,2.13247224000224,5.28355559999909,7.72308336000424,9.85890840000502,15.44729448,21.3393223200037,47.2573807200024
"273","DL.2024-03-22",2024-03-22,"DLFB","DL","DL","FB",6,"Spring","Mar","cold",2024-03-01,"run_of_river",0.010819,0.010819,0,0.0107608933477221,0.0107608933477221,0,7.36,8.24,67.0083228289385,8.29,NA,194.2,6.84,NA,NA,NA,NA,NA,NA,NA,NA,NA,NA,NA,NA,NA,NA,NA,NA,NA,NA,NA,NA,NA,NA,NA,NA,NA,NA,NA,NA,NA,NA,NA,NA,NA,NA,NA,NA,NA,NA,NA,NA,NA,NA,NA,NA,NA,NA,NA,NA,NA,11.509,2.74319999999989,-5.93151163200037,-10.0342202160009,-10.6438202159998,-13.6676404319996,-16.5511490160006,-13.478969232001,-10.4309692320003,-23.513189448
"364","CG.2024-05-15",2024-05-15,"CGFB","CG","CG","FB",6,"Spring","May","cold",2024-05-01,"storage",0.338408962,0.338408962,0,0.29148156672305,0.29148156672305,0,13.8,16.07,151.053246547772,8.22,0,29.3,0.07,9.53,17.22,147.350229049705,8.14,0,29.1,1.43,8.28,17.53,145.705666706568,8.19,0,29.4,2.49,7.23,17.83,144.543146687494,8.42,0,29.2,1.81,6.67,18.02,144.119444670288,8.41,0,29.5,1.16,6.11,17.63,139.083858535349,8.36,0,32.5,0.6,5.4,17.03,132.010815507895,7.59,0,36.5,0.48,5.08,19.22,147.8001605091,8.32,0,38.5,0.51,2,3.25084439999773,5.68698887999926,8.42909159999544,12.0877888799951,15.9515860799947,19.0006833599982,28.0427277600029,37.8971860800011,78.9431999999942
"388","DL.2024-05-21",2024-05-21,"DLFB","DL","DL","FB",6,"Spring","May","cold",2024-05-01,"run_of_river",0.332743265,0.332743265,0,0.287239423247075,0.287239423247075,0,14.37,9.27,88.1809556280746,5.64,0,49,3.7,NA,NA,NA,NA,NA,NA,NA,NA,NA,NA,NA,NA,NA,NA,NA,NA,NA,NA,NA,NA,NA,NA,NA,NA,NA,NA,NA,NA,NA,NA,NA,NA,NA,NA,NA,NA,NA,NA,NA,NA,NA,NA,NA,NA,NA,NA,NA,NA,NA,23.018,0.609599999999773,-1.82879999999932,-6.23631163200025,-13.9966202160003,-13.0822202159998,-10.034220216,-1.47564043200055,-1.17084043200066,14.6787595679998
"445","BV.2024-09-18",2024-09-18,"BVFB","BV","BV","FB",6,"Fall","Sep","warm",2024-09-01,"run_of_river",5.981626521,5.981626521,0,1.94328191555919,1.94328191555919,0,19.05,7.8,81.4067981041323,8.01,0,137.9,5.64,NA,NA,NA,NA,NA,NA,NA,NA,NA,NA,NA,NA,NA,NA,NA,NA,NA,NA,NA,NA,NA,NA,NA,NA,NA,NA,NA,NA,NA,NA,NA,NA,NA,NA,NA,NA,NA,NA,NA,NA,NA,NA,NA,NA,NA,NA,NA,NA,NA,3.06,-7.45551000912337,-7.45551000912337,-1.35951000912337,-7.45551000912337,-4.40751000912314,-4.40751000912314,-6.09600000003093,3.04799999999977,17.9590200181847
"485","CG.2024-11-14",2024-11-14,"CGFB","CG","CG","FB",6,"Fall","Nov","warm",2024-11-01,"storage",1.517574997,1.517574997,0,0.923296135434982,0.923296135434982,0,7.59,9.25,75.6367287530407,8.39,0,45.7,0.51,7.45,8.47,69.0273575745615,8.34,0,46.3,0.83,7.43,8.27,67.365172217619,8.35,0,45.5,0.86,6.09,6.89,54.3288070068161,8.15,0,39.6,0.33,5.64,7.93,61.8384925303507,8.36,0,37.1,0.14,5.45,7.6,58.9860366778855,8.38,0,39,0.09,5.33,7.04,54.4765477999178,8.31,0,40.6,0.07,5.28,6.44,49.7715038604767,8.19,0,42.8,0.11,1.1,2.84293056000024,5.38218888000119,8.02343328000279,10.8685888800028,14.1216583200003,17.8834694399993,28.0460500799963,40.3456140000053,90.5612615999999
"53","DL.2023-01-09",2023-01-09,"DLFB","DL","DL","FB",7,"Winter","Jan","cold",2023-01-01,"run_of_river",1.16868268055335,1.16868268055335,0,0.774119923564218,0.774119923564218,0,3.14,11.97,87.5974179434517,7.22,0,160.4,1.49,NA,NA,NA,NA,NA,NA,NA,NA,NA,NA,NA,NA,NA,NA,NA,NA,NA,NA,NA,NA,NA,NA,NA,NA,NA,NA,NA,NA,NA,NA,NA,NA,NA,NA,NA,NA,NA,NA,NA,NA,NA,NA,NA,NA,NA,NA,NA,NA,NA,5.754,1.05470858399985,1.66430858399963,2.41422021599919,6.37662021599954,2.10942021599931,4.07852879999973,10.3148404319991,12.753240432,-11.0889287999998
"54","DL.2023-01-09",2023-01-09,"DLFB","DL","DL","FB",7,"Winter","Jan","cold",2023-01-01,"run_of_river",4.65035929302913,4.65035929302913,0,1.73171913482306,1.73171913482306,0,3.14,11.97,87.5974179434517,7.22,0,160.4,1.49,NA,NA,NA,NA,NA,NA,NA,NA,NA,NA,NA,NA,NA,NA,NA,NA,NA,NA,NA,NA,NA,NA,NA,NA,NA,NA,NA,NA,NA,NA,NA,NA,NA,NA,NA,NA,NA,NA,NA,NA,NA,NA,NA,NA,NA,NA,NA,NA,NA,5.754,6.23631163200025,1.05471163200036,2.10942021600022,2.71902021599999,3.46893184799956,7.4313318479999,5.74284043199987,7.407152064,-16.4350171679998
"361","DT.2024-05-14",2024-05-14,"DTFB","DT","DT","FB",7,"Spring","May","cold",2024-05-01,"storage",1.70331774519036,1.70331774519036,0,0.994479813175149,0.994479813175149,0,11.05,10.38,91.9273440503759,7.66,0,31.1,0.5,10.21,11.87,103.158251713581,7.79,0,31.1,1.76,9.57,11.46,98.1524276571352,7.76,0,32.4,4.28,8.99,11.65,98.4530071189186,7.62,0,31.4,4.22,8.14,11.56,95.7676675242672,7.72,0,31.5,2.39,7.42,12.1,98.5397129147534,7.74,0,31.7,1.13,6.49,11.46,91.253420545852,7.67,0,31.9,0.58,5.71,12.27,95.848131316923,7.92,0,31.8,0.29,6.2,-0.711571621817711,-1.32228648785531,-2.84628648786747,-3.96462973178859,-5.28580135390803,-6.70894459783449,-9.85557162181794,-13.8168567560715,-24.9891405361268
"389","DL.2024-05-21",2024-05-21,"DLFB","DL","DL","FB",7,"Spring","May","cold",2024-05-01,"run_of_river",5.32443870398536,2.806131548975,2.51830715501036,1.84442128822283,1.3366133318539,1.25797995205794,14.37,9.27,88.1809556280746,5.64,0,49,3.7,NA,NA,NA,NA,NA,NA,NA,NA,NA,NA,NA,NA,NA,NA,NA,NA,NA,NA,NA,NA,NA,NA,NA,NA,NA,NA,NA,NA,NA,NA,NA,NA,NA,NA,NA,NA,NA,NA,NA,NA,NA,NA,NA,NA,NA,NA,NA,NA,NA,23.018,0.609599999999773,-1.82879999999932,-6.23631163200025,-13.9966202160003,-13.0822202159998,-10.034220216,-1.47564043200055,-1.17084043200066,14.6787595679998
"118","CG.2023-05-11",2023-05-11,"CGFB","CG","CG","FB",8,"Spring","May","cold",2023-05-01,"storage",0.599869033,0.599869033,0,0.469921771520483,0.469921771520483,0,10.83,10,88.1281603082263,7.39,0,28.7,0.48,6.99,10.55,85.0329508454109,7.6,1521,27.6,3.26,6.37,10.63,84.3966525611218,7.47,575,26.6,3.13,6.16,10.95,86.491185769145,7.47,0,29,1.57,5.75,13.17,102.980478120736,7.47,0,30.4,0.89,4.55,9.62,72.995511549038,7.44,0,40.4,0.5,4.24,9.6,72.2723023037022,7.43,0,41.4,0.5,4.1,13.33,99.9952480696151,7.39,0,42.5,0.44,4.1,0.40565831999993,0.607344479998574,0.70820279999316,0.605119439998816,0.299222159999772,1.01190551999753,2.23220280000533,3.55451663999702,12.7107695999948
"122","DT.2023-05-12",2023-05-12,"DTFB","DT","DT","FB",8,"Spring","May","cold",2023-05-01,"storage",0.771846126,0.771846126,0,0.572022012069281,0.572022012069281,0,10.92,10.46,92.367669491648,8.26,0,33.8,0.96,10.29,9.33,81.2309037082395,8.69,0,33.7,4.2,9.94,10.66,92.0761262787,8.67,0,35.8,7.87,7.21,10.96,88.8071408831898,8.03,0,33.1,7.38,6.81,10.42,83.6201958407745,7.93,0,32.9,5.09,6.29,10.57,83.7561863379316,7.93,0,34,3.5,5.58,11.01,85.7287421160721,7.91,0,36.6,2.7,5.31,14.37,111.141675933617,7.88,0,36.8,2.43,1.9,-1.01525675607263,-2.53814189002151,-2.8395972921935,-2.73316620650439,-1.30779323078605,0.116464879189152,-2.62562025476655,-8.82470674292563,-13.8068229625787
"129","DT.2023-06-15",2023-06-15,"DTFB","DT","DT","FB",8,"Summer","Jun","warm",2023-06-01,"storage",0.610774082,0.610774082,0,0.47671485972417,0.47671485972417,0,15.52,8.28,80.6478588756468,6.6,NA,32.3,1.28,15.05,9.85,95.0237676422916,6.86,NA,32.5,4.53,14.8,9.65,92.6169289428678,6.79,NA,31.3,6.22,13.38,9.24,86.0853755161838,6.57,NA,32.3,8.68,10.11,8.51,73.7900914611792,6.48,NA,30.8,5.11,7.5,8.615,70.2689226505444,6.56,NA,31.8,2.13,5.89,9.42,73.9132901265518,6.62,NA,35.8,1.05,5.62,10.46,81.5270917845423,6.54,NA,36.6,1.12,NA,-0.81354324392305,-2.23780135359266,-2.54148648785485,-3.45588648785633,-3.55562837787875,-3.14774189001764,-1.01302702397516,1.12057297602587,-2.84517162181146
"162","BV.2023-09-11",2023-09-11,"BVFB","BV","BV","FB",8,"Fall","Sep","warm",2023-09-01,"run_of_river",2.571964057,1.736409877,0.83555418,1.27311560053361,1.00664679738511,0.607346441361659,20.28,8.11,86.6001060280851,7.5,NA,134.9,8.8,NA,NA,NA,NA,NA,NA,NA,NA,NA,NA,NA,NA,NA,NA,NA,NA,NA,NA,NA,NA,NA,NA,NA,NA,NA,NA,NA,NA,NA,NA,NA,NA,NA,NA,NA,NA,NA,NA,NA,NA,NA,NA,NA,NA,NA,NA,NA,NA,NA,4.14,6.096,12.192,12.192,10.8324899909076,10.8324899909076,10.8324899909076,4.73648999090756,1.68848999090778,-12.192
"174","DL.2023-09-12",2023-09-12,"DLFB","DL","DL","FB",8,"Fall","Sep","warm",2023-09-01,"run_of_river",8.099000912,3.17147186,4.927529053,2.20816461760534,1.42826893756234,1.77960744033723,20.45,6.72,71.9811309998288,7.46,NA,138.6,3.92,NA,NA,NA,NA,NA,NA,NA,NA,NA,NA,NA,NA,NA,NA,NA,NA,NA,NA,NA,NA,NA,NA,NA,NA,NA,NA,NA,NA,NA,NA,NA,NA,NA,NA,NA,NA,NA,NA,NA,NA,NA,NA,NA,NA,NA,NA,NA,NA,NA,20.714,-0.164491415999692,-0.774091415999465,-1.68849141600003,-6.26049141600015,-0.914399999999659,-8.83919999999944,-7.4555116319998,-13.2467116319995,-4.57199999999921
"185","DT.2023-09-15",2023-09-15,"DTFB","DT","DT","FB",8,"Fall","Sep","warm",2023-09-01,"storage",1.48631442,1.205703289,0.280611132,0.910801461358166,0.791046409971894,0.247337410865032,19.34,8.44,88.567431720581,7.05,NA,41.6,0.8,NA,NA,NA,NA,NA,NA,NA,NA,NA,NA,NA,NA,NA,NA,NA,NA,NA,NA,NA,NA,NA,NA,NA,NA,NA,NA,NA,NA,NA,NA,NA,NA,NA,NA,NA,NA,NA,NA,NA,NA,NA,NA,NA,NA,NA,NA,NA,NA,NA,0.6,-1.62485675576318,-2.63788378004392,-3.75288242614624,-5.17379593828809,-7.2054243161765,-9.33790945043438,-14.7223378283161,-20.8194526943626,-27.1338891956621
"233","CG.2024-01-24",2024-01-24,"CGFB","CG","CG","FB",8,"Winter","Jan","cold",2024-01-01,"storage",1.705843663,1.37041199,0.335431673,0.995413753874133,0.863063775482448,0.289254590147484,5.69,11.42,89.164102961591,7.13,0,30.2,0.69,5.58,11.02,85.8066065503283,7.05,0,31,1.5,5.56,11.74,91.3674567813372,7.05,0,30.4,1.43,5.54,10.73,83.4655740146247,7.05,0,31.3,1.57,5.36,11.13,86.1900324847426,7.01,0,32,1.31,4.77,11.71,89.3496696889857,7.04,0,36.7,1.04,4.65,10.28,78.2011591175993,7.01,0,38.7,0.4,4.63,10.36,78.7698835030525,6.97,0,39.7,0.48,4.7,5.89315559999523,13.0088639999958,18.2935473599937,23.9861445599963,29.5756279199995,34.5521584799935,48.672689039995,62.4862250399965,118.34762208
"236","CG.2024-01-24",2024-01-24,"CGFB","CG","CG","FB",8,"Winter","Jan","cold",2024-01-01,"storage",0.430008896,0.430008896,0,0.357680665231487,0.357680665231487,0,5.69,11.42,89.164102961591,7.13,0,30.2,0.69,5.58,11.02,85.8066065503283,7.05,0,31,1.5,5.56,11.74,91.3674567813372,7.05,0,30.4,1.43,5.54,10.73,83.4655740146247,7.05,0,31.3,1.57,5.36,11.13,86.1900324847426,7.01,0,32,1.31,4.77,11.71,89.3496696889857,7.04,0,36.7,1.04,4.65,10.28,78.2011591175993,7.01,0,38.7,0.4,4.63,10.36,78.7698835030525,6.97,0,39.7,0.48,4.7,5.38331663999998,11.2764722399952,18.3921806399958,23.6768639999937,29.3694611999963,34.9589445599995,48.8733083999978,64.1133083999957,118.550466479996
"241","DT.2024-01-25",2024-01-25,"DTFB","DT","DT","FB",8,"Winter","Jan","cold",2024-01-01,"storage",0.041775191,0.041775191,0,0.0409261724535458,0.0409261724535458,0,4.81,10.85,82.8712280205858,7.65,3000,31.5,2.15,4.82,10.63,81.2113523813999,7.56,0,31.9,2.64,4.79,10.66,81.3789896147105,7.55,0,31.4,2.78,4.77,10.67,81.4142592298443,7.52,0,32.1,2.52,4.77,10.65,81.2616551825531,7.59,0,32.1,2.46,4.74,10.67,81.3526618508747,7.655,0,32.8,3.23,4.51,10.88,82.4726190937917,7.7,0,33.9,3.96,4.37,12.35,93.2834255367952,7.68,0,35.3,3.9,1.7,2.64457297571062,4.67843108568923,7.21991757354408,8.33937568352121,9.15403379350028,10.2746067692133,13.8358094770156,21.5622405627073,74.2051621979626
"245","BV.2024-01-29",2024-01-29,"BVFB","BV","BV","FB",8,"Winter","Jan","cold",2024-01-01,"run_of_river",1.505321706,0.134753154,1.370568551,0.918417151839875,0.126415141817418,0.86312982131356,3.08,12.39,90.5294414956377,8.12,0,142.3,1.45,NA,NA,NA,NA,NA,NA,NA,NA,NA,NA,NA,NA,NA,NA,NA,NA,NA,NA,NA,NA,NA,NA,NA,NA,NA,NA,NA,NA,NA,NA,NA,NA,NA,NA,NA,NA,NA,NA,NA,NA,NA,NA,NA,NA,NA,NA,NA,NA,NA,3.21,4.40751000909268,3.04800000000023,0,3.04800000000023,3.04800000000023,4.73648999090801,0.328979981815337,15.5689799818156,-22.3665300272769
"452","DL.2024-09-22",2024-09-22,"DLFB","DL","DL","FB",8,"Fall","Sep","warm",2024-09-01,"run_of_river",4.826034258,4.826034258,0,1.7623365387122,1.7623365387122,0,19.5,7.72,81.2545477909402,8.15,0,141.4,2.81,NA,NA,NA,NA,NA,NA,NA,NA,NA,NA,NA,NA,NA,NA,NA,NA,NA,NA,NA,NA,NA,NA,NA,NA,NA,NA,NA,NA,NA,NA,NA,NA,NA,NA,NA,NA,NA,NA,NA,NA,NA,NA,NA,NA,NA,NA,NA,NA,NA,0,0.609599999999773,2.88351163200059,4.10271163200014,0.304800000000796,0.469291416000488,-1.19502021599965,-1.33532879999984,0.798271200000272,3.98657978400024
"226","DL.2024-01-22",2024-01-22,"DLFB","DL","DL","FB",9,"Winter","Jan","cold",2024-01-01,"run_of_river",-0.791982575,-0.791982575,0,-1.57013342875121,-1.57013342875121,0,2.87,12.18,88.5084002182772,7.59,0,170.3,2.73,NA,NA,NA,NA,NA,NA,NA,NA,NA,NA,NA,NA,NA,NA,NA,NA,NA,NA,NA,NA,NA,NA,NA,NA,NA,NA,NA,NA,NA,NA,NA,NA,NA,NA,NA,NA,NA,NA,NA,NA,NA,NA,NA,NA,NA,NA,NA,NA,NA,0,-2.43839999999909,-5.79119999999966,-5.95568836799976,-12.9660883679999,-9.16817978400013,-12.2161797839999,-15.8737797840004,-8.11346815199977,-12.0758681520001
"234","CG.2024-01-24",2024-01-24,"CGFB","CG","CG","FB",9,"Winter","Jan","cold",2024-01-01,"storage",3.271857583,2.231239804,1.040617779,1.45204876378946,1.17286590383442,0.713252594854652,5.69,11.42,89.164102961591,7.13,0,30.2,0.69,5.58,11.02,85.8066065503283,7.05,0,31,1.5,5.56,11.74,91.3674567813372,7.05,0,30.4,1.43,5.54,10.73,83.4655740146247,7.05,0,31.3,1.57,5.36,11.13,86.1900324847426,7.01,0,32,1.31,4.77,11.71,89.3496696889857,7.04,0,36.7,1.04,4.65,10.28,78.2011591175993,7.01,0,38.7,0.4,4.63,10.36,78.7698835030525,6.97,0,39.7,0.48,4.7,5.89315559999523,13.0088639999958,18.2935473599937,23.9861445599963,29.5756279199995,34.5521584799935,48.672689039995,62.4862250399965,118.34762208
"237","CG.2024-01-24",2024-01-24,"CGFB","CG","CG","FB",9,"Winter","Jan","cold",2024-01-01,"storage",0.646116624,0.646116624,0,0.498418952721838,0.498418952721838,0,5.69,11.42,89.164102961591,7.13,0,30.2,0.69,5.58,11.02,85.8066065503283,7.05,0,31,1.5,5.56,11.74,91.3674567813372,7.05,0,30.4,1.43,5.54,10.73,83.4655740146247,7.05,0,31.3,1.57,5.36,11.13,86.1900324847426,7.01,0,32,1.31,4.77,11.71,89.3496696889857,7.04,0,36.7,1.04,4.65,10.28,78.2011591175993,7.01,0,38.7,0.4,4.63,10.36,78.7698835030525,6.97,0,39.7,0.48,4.7,5.38331663999998,11.2764722399952,18.3921806399958,23.6768639999937,29.3694611999963,34.9589445599995,48.8733083999978,64.1133083999957,118.550466479996
"242","DT.2024-01-25",2024-01-25,"DTFB","DT","DT","FB",9,"Winter","Jan","cold",2024-01-01,"storage",-0.548648167,-0.548648167,0,-0.795508126096336,-0.795508126096336,0,4.81,10.85,82.8712280205858,7.65,3000,31.5,2.15,4.82,10.63,81.2113523813999,7.56,0,31.9,2.64,4.79,10.66,81.3789896147105,7.55,0,31.4,2.78,4.77,10.67,81.4142592298443,7.52,0,32.1,2.52,4.77,10.65,81.2616551825531,7.59,0,32.1,2.46,4.74,10.67,81.3526618508747,7.655,0,32.8,3.23,4.51,10.88,82.4726190937917,7.7,0,33.9,3.96,4.37,12.35,93.2834255367952,7.68,0,35.3,3.9,1.7,2.64457297571062,4.67843108568923,7.21991757354408,8.33937568352121,9.15403379350028,10.2746067692133,13.8358094770156,21.5622405627073,74.2051621979626
"246","BV.2024-01-29",2024-01-29,"BVFB","BV","BV","FB",9,"Winter","Jan","cold",2024-01-01,"run_of_river",7.032314164,2.658017054,4.37429711,2.08347267622826,1.29692121206825,1.68162779523,3.08,12.39,90.5294414956377,8.12,0,142.3,1.45,NA,NA,NA,NA,NA,NA,NA,NA,NA,NA,NA,NA,NA,NA,NA,NA,NA,NA,NA,NA,NA,NA,NA,NA,NA,NA,NA,NA,NA,NA,NA,NA,NA,NA,NA,NA,NA,NA,NA,NA,NA,NA,NA,NA,NA,NA,NA,NA,NA,3.21,4.40751000909268,3.04800000000023,0,3.04800000000023,3.04800000000023,4.73648999090801,0.328979981815337,15.5689799818156,-22.3665300272769
"266","DT.2024-03-20",2024-03-20,"DTFB","DT","DT","FB",9,"Spring","Mar","cold",2024-03-01,"storage",-0.860766083,-0.860766083,0,-1.97159990415207,-1.97159990415207,0,6.57,14.59,116.403636913311,7.63,NA,32.4,2.19,5.72,12.84,100.325573962456,7.52,NA,32.5,3.08,5.52,12.63,98.1963062976344,7.5,NA,32.5,1.94,5.41,12.72,98.6257164515526,7.5,NA,32.8,1.43,5.29,12.45,96.243784989781,7.5,NA,32.7,1.15,4.8,12.88,98.3513750461453,7.56,NA,33.5,0.69,4.77,14.35,109.493403931421,7.5,NA,34.5,0.58,4.76,18.88,144.021887423986,7.53,NA,34.4,0.61,0.6,-1.22142973178416,-3.35725946387538,-3.56008784176083,-4.37363108569116,-1.22365946388163,1.72348378035531,11.2731405361192,16.1488256703815,44.696939182526
"461","BV.2024-11-11",2024-11-11,"BVFB","BV","BV","FB",9,"Fall","Nov","warm",2024-11-01,"run_of_river",0.448449814,0.448449814,0,0.370493890750972,0.370493890750972,0,12.2,9,81.7493188603138,7.85,0,161.5,0.97,NA,NA,NA,NA,NA,NA,NA,NA,NA,NA,NA,NA,NA,NA,NA,NA,NA,NA,NA,NA,NA,NA,NA,NA,NA,NA,NA,NA,NA,NA,NA,NA,NA,NA,NA,NA,NA,NA,NA,NA,NA,NA,NA,NA,NA,NA,NA,NA,NA,0.91,6.09600000000046,6.09600000000046,4.40751000909268,6.09600000000046,4.40751000909268,0,-0.328979981814882,-3.70595996359998,-19.6475100090925
"471","DL.2024-11-12",2024-11-12,"DLFB","DL","DL","FB",9,"Fall","Nov","warm",2024-11-01,"run_of_river",0.791975049,0.791975049,0,0.583318390906698,0.583318390906698,0,12.26,10.09,91.7697132591018,7.97,0,166.8,0.54,NA,NA,NA,NA,NA,NA,NA,NA,NA,NA,NA,NA,NA,NA,NA,NA,NA,NA,NA,NA,NA,NA,NA,NA,NA,NA,NA,NA,NA,NA,NA,NA,NA,NA,NA,NA,NA,NA,NA,NA,NA,NA,NA,NA,NA,NA,NA,NA,NA,9.207,8.22959999999966,-0.749911632000476,-0.445111632000589,-1.19502021600056,-3.02382021599988,0.328979783999785,7.03457978400002,5.95568836799976,8.48603738400016
"481","DT.2024-11-13",2024-11-13,"DTFB","DT","DT","FB",9,"Fall","Nov","warm",2024-11-01,"storage",0.401534508,0.401534508,0,0.337567713510095,0.337567713510095,0,12.27,9.33,84.8758651066576,7.51,0,43.5,3.86,12.28,8.79,79.9808080691914,7.48,0,41.6,5.19,12.28,8.58,78.0700037808489,7.47,0,43.3,4.54,12.29,8.5,77.3588778544581,7.52,0,43.8,3.42,12.27,8.84,80.4182901975191,7.6,0,43.4,4.97,12.05,8.5,76.9557508786543,7.65,0,43.9,1.75,11.46,8.43,75.3397456086242,7.78,0,43.9,1.09,10.96,9.37,82.8162664846895,7.75,0,43.3,1.91,0.7,-2.84517162181146,-5.48751486573747,-6.60139864608936,-6.29771351182717,-5.88982702397334,-7.72308648785111,-10.472975683515,-18.8123513670362,-60.9070824793089
"446","BV.2024-09-18",2024-09-18,"BVFB","BV","BV","FB",10,"Fall","Sep","warm",2024-09-01,"run_of_river",23.65602303,2.266438152,21.38958488,3.20502121262989,1.18370014109217,3.10859589001896,19.05,7.8,81.4067981041323,8.01,0,137.9,5.64,NA,NA,NA,NA,NA,NA,NA,NA,NA,NA,NA,NA,NA,NA,NA,NA,NA,NA,NA,NA,NA,NA,NA,NA,NA,NA,NA,NA,NA,NA,NA,NA,NA,NA,NA,NA,NA,NA,NA,NA,NA,NA,NA,NA,NA,NA,NA,NA,NA,3.06,-7.45551000912337,-7.45551000912337,-1.35951000912337,-7.45551000912337,-4.40751000912314,-4.40751000912314,-6.09600000003093,3.04799999999977,17.9590200181847
"453","DL.2024-09-22",2024-09-22,"DLFB","DL","DL","FB",10,"Fall","Sep","warm",2024-09-01,"run_of_river",8.455392852,8.455392852,0,2.24658525090352,2.24658525090352,0,19.5,7.72,81.2545477909402,8.15,0,141.4,2.81,NA,NA,NA,NA,NA,NA,NA,NA,NA,NA,NA,NA,NA,NA,NA,NA,NA,NA,NA,NA,NA,NA,NA,NA,NA,NA,NA,NA,NA,NA,NA,NA,NA,NA,NA,NA,NA,NA,NA,NA,NA,NA,NA,NA,NA,NA,NA,NA,NA,0,0.609599999999773,2.88351163200059,4.10271163200014,0.304800000000796,0.469291416000488,-1.19502021599965,-1.33532879999984,0.798271200000272,3.98657978400024
"462","BV.2024-11-11",2024-11-11,"BVFB","BV","BV","FB",10,"Fall","Nov","warm",2024-11-01,"run_of_river",9.028103,37.16704541,1.115633,2.30539145148382,3.64197245768306,0.749354058499832,12.2,9,81.7493188603138,7.85,0,161.5,0.97,NA,NA,NA,NA,NA,NA,NA,NA,NA,NA,NA,NA,NA,NA,NA,NA,NA,NA,NA,NA,NA,NA,NA,NA,NA,NA,NA,NA,NA,NA,NA,NA,NA,NA,NA,NA,NA,NA,NA,NA,NA,NA,NA,NA,NA,NA,NA,NA,NA,0.91,6.09600000000046,6.09600000000046,4.40751000909268,6.09600000000046,4.40751000909268,0,-0.328979981814882,-3.70595996359998,-19.6475100090925
"482","DT.2024-11-13",2024-11-13,"DTFB","DT","DT","FB",10,"Fall","Nov","warm",2024-11-01,"storage",-1.108078,-1.108078,0,NA,NA,0,12.27,9.33,84.8758651066576,7.51,0,43.5,3.86,12.28,8.79,79.9808080691914,7.48,0,41.6,5.19,12.28,8.58,78.0700037808489,7.47,0,43.3,4.54,12.29,8.5,77.3588778544581,7.52,0,43.8,3.42,12.27,8.84,80.4182901975191,7.6,0,43.4,4.97,12.05,8.5,76.9557508786543,7.65,0,43.9,1.75,11.46,8.43,75.3397456086242,7.78,0,43.9,1.09,10.96,9.37,82.8162664846895,7.75,0,43.3,1.91,0.7,-2.84517162181146,-5.48751486573747,-6.60139864608936,-6.29771351182717,-5.88982702397334,-7.72308648785111,-10.472975683515,-18.8123513670362,-60.9070824793089
"487","CG.2024-11-14",2024-11-14,"CGFB","CG","CG","FB",10,"Fall","Nov","warm",2024-11-01,"storage",3.16553199586433e-16,3.16553199586433e-16,0,3.16553199586433e-16,3.16553199586433e-16,0,7.59,9.25,75.6367287530407,8.39,0,45.7,0.51,7.45,8.47,69.0273575745615,8.34,0,46.3,0.83,7.43,8.27,67.365172217619,8.35,0,45.5,0.86,6.09,6.89,54.3288070068161,8.15,0,39.6,0.33,5.64,7.93,61.8384925303507,8.36,0,37.1,0.14,5.45,7.6,58.9860366778855,8.38,0,39,0.09,5.33,7.04,54.4765477999178,8.31,0,40.6,0.07,5.28,6.44,49.7715038604767,8.19,0,42.8,0.11,1.1,2.84293056000024,5.38218888000119,8.02343328000279,10.8685888800028,14.1216583200003,17.8834694399993,28.0460500799963,40.3456140000053,90.5612615999999
